{"cameraMode":{"drawMode":0,"name":"Shaded","section":"Shading Mode"},"sceneLighting":true,"audioPlay":false,"sceneViewState":{"m_AlwaysRefresh":true,"showFog":true,"showSkybox":false,"showFlares":true,"showImageEffects":true,"showParticleSystems":true,"showVisualEffectGraphs":true,"m_FxEnabled":true},"in2DMode":false,"pivot":{"x":-0.11316871643066406,"y":0.006671786308288574,"z":-0.13419461250305177},"rotation":{"x":0.03748612850904465,"y":-0.016487453132867814,"z":0.0006184850353747606,"w":0.9991623759269714},"size":2.390191078186035,"orthographic":false}