{"cameraMode":{"drawMode":0,"name":"Shaded","section":"Shading Mode"},"sceneLighting":false,"audioPlay":false,"sceneViewState":{"m_AlwaysRefresh":true,"showFog":true,"showSkybox":false,"showFlares":true,"showImageEffects":true,"showParticleSystems":true,"showVisualEffectGraphs":true,"m_FxEnabled":true},"in2DMode":false,"pivot":{"x":-3.848076343536377,"y":-0.0005232393741607666,"z":-0.7524358034133911},"rotation":{"x":0.38992154598236086,"y":0.22034648060798646,"z":-0.09666113555431366,"w":0.888857364654541},"size":0.3228110671043396,"orthographic":true}