{"cameraMode":{"drawMode":0,"name":"Shaded","section":"Shading Mode"},"sceneLighting":false,"audioPlay":false,"sceneViewState":{"m_AlwaysRefresh":true,"showFog":true,"showSkybox":false,"showFlares":true,"showImageEffects":true,"showParticleSystems":true,"showVisualEffectGraphs":true,"m_FxEnabled":true},"in2DMode":false,"pivot":{"x":0.0351540744304657,"y":0.43384867906570437,"z":0.06355316936969757},"rotation":{"x":-0.142728790640831,"y":0.1361268013715744,"z":0.01982259191572666,"w":0.9801565408706665},"size":0.7202977538108826,"orthographic":true}