{"cameraMode":{"drawMode":0,"name":"Shaded","section":"Shading Mode"},"sceneLighting":true,"audioPlay":false,"sceneViewState":{"m_AlwaysRefresh":true,"showFog":true,"showSkybox":true,"showFlares":true,"showImageEffects":true,"showParticleSystems":true,"showVisualEffectGraphs":true,"m_FxEnabled":true},"in2DMode":false,"pivot":{"x":0.810340404510498,"y":1.2669332027435303,"z":-0.1324111819267273},"rotation":{"x":-0.10068446397781372,"y":-0.19655746221542359,"z":0.020364360883831979,"w":-0.9751685857772827},"size":0.3060234785079956,"orthographic":false}