{"cameraMode":{"drawMode":0,"name":"Shaded","section":"Shading Mode"},"sceneLighting":false,"audioPlay":false,"sceneViewState":{"m_AlwaysRefresh":true,"showFog":true,"showSkybox":false,"showFlares":true,"showImageEffects":false,"showParticleSystems":true,"showVisualEffectGraphs":true,"m_FxEnabled":true},"in2DMode":false,"pivot":{"x":-0.17171362042427064,"y":-0.71743243932724,"z":0.10818656533956528},"rotation":{"x":-0.1524995118379593,"y":-0.8456990122795105,"z":-0.32995545864105227,"w":0.39081770181655886},"size":1.4190837144851685,"orthographic":false}