{"cameraMode":{"drawMode":0,"name":"Shaded","section":"Shading Mode"},"sceneLighting":false,"audioPlay":false,"sceneViewState":{"m_AlwaysRefresh":true,"showFog":true,"showSkybox":false,"showFlares":true,"showImageEffects":false,"showParticleSystems":true,"showVisualEffectGraphs":true,"m_FxEnabled":true},"in2DMode":false,"pivot":{"x":-15.444999694824219,"y":3.680000066757202,"z":-8.280921936035157},"rotation":{"x":-0.10452115535736084,"y":0.07060876488685608,"z":-0.0074699921533465389,"w":-0.9920260906219482},"size":0.4330126941204071,"orthographic":false}