{"cameraMode":{"drawMode":0,"name":"Shaded","section":"Shading Mode"},"sceneLighting":false,"audioPlay":false,"sceneViewState":{"m_AlwaysRefresh":true,"showFog":true,"showSkybox":false,"showFlares":true,"showImageEffects":true,"showParticleSystems":true,"showVisualEffectGraphs":true,"m_FxEnabled":true},"in2DMode":false,"pivot":{"x":-0.032947421073913577,"y":-0.15556657314300538,"z":-0.0719221830368042},"rotation":{"x":0.09346413612365723,"y":0.07906647771596909,"z":-0.007446011528372765,"w":0.9924517869949341},"size":2.8506338596343996,"orthographic":true}