{"cameraMode":{"drawMode":0,"name":"Shaded","section":"Shading Mode"},"sceneLighting":false,"audioPlay":false,"sceneViewState":{"m_AlwaysRefresh":true,"showFog":true,"showSkybox":false,"showFlares":true,"showImageEffects":true,"showParticleSystems":true,"showVisualEffectGraphs":true,"m_FxEnabled":true},"in2DMode":false,"pivot":{"x":-0.07586812973022461,"y":0.11221551895141602,"z":0.08394885063171387},"rotation":{"x":0.09346413612365723,"y":0.07906647771596909,"z":-0.007446011528372765,"w":0.9924517869949341},"size":4.069371223449707,"orthographic":true}