{"cameraMode":{"drawMode":0,"name":"Shaded","section":"Shading Mode"},"sceneLighting":false,"audioPlay":false,"sceneViewState":{"m_AlwaysRefresh":true,"showFog":true,"showSkybox":false,"showFlares":true,"showImageEffects":true,"showParticleSystems":true,"showVisualEffectGraphs":true,"m_FxEnabled":true},"in2DMode":false,"pivot":{"x":-16.02613639831543,"y":3.376861572265625,"z":-8.705733299255371},"rotation":{"x":-0.004862042143940926,"y":0.9933980107307434,"z":0.04683513566851616,"w":0.10499241948127747},"size":1.7992843389511109,"orthographic":false}