{"cameraMode":{"drawMode":0,"name":"Shaded","section":"Shading Mode"},"sceneLighting":false,"audioPlay":false,"sceneViewState":{"m_AlwaysRefresh":true,"showFog":true,"showSkybox":false,"showFlares":true,"showImageEffects":true,"showParticleSystems":true,"showVisualEffectGraphs":true,"m_FxEnabled":true},"in2DMode":false,"pivot":{"x":3.0586471557617189,"y":2.9563674926757814,"z":-1.2690129280090333},"rotation":{"x":-0.019194183871150018,"y":0.17604412138462068,"z":0.003433272009715438,"w":0.984190046787262},"size":4.1810479164123539,"orthographic":false}