{"cameraMode":{"drawMode":0,"name":"Shaded","section":"Shading Mode"},"sceneLighting":false,"audioPlay":false,"sceneViewState":{"m_AlwaysRefresh":true,"showFog":true,"showSkybox":false,"showFlares":true,"showImageEffects":true,"showParticleSystems":true,"showVisualEffectGraphs":true,"m_FxEnabled":true},"in2DMode":false,"pivot":{"x":-0.00010442733764648438,"y":-9.5367431640625e-7,"z":-6.59999942779541},"rotation":{"x":0.041054751724004748,"y":0.043728601187467578,"z":0.0017643794417381287,"w":-0.9982496500015259},"size":10.042144775390625,"orthographic":false}