{"cameraMode":{"drawMode":0,"name":"Shaded","section":"Shading Mode"},"sceneLighting":false,"audioPlay":false,"sceneViewState":{"m_AlwaysRefresh":true,"showFog":true,"showSkybox":false,"showFlares":true,"showImageEffects":true,"showParticleSystems":true,"showVisualEffectGraphs":true,"m_FxEnabled":true},"in2DMode":false,"pivot":{"x":-0.0596846342086792,"y":0.001046895980834961,"z":0.02345883846282959},"rotation":{"x":0.09346413612365723,"y":0.07906647771596909,"z":-0.007446011528372765,"w":0.9924517869949341},"size":1.9379258155822755,"orthographic":true}