{"cameraMode":{"drawMode":0,"name":"Shaded","section":"Shading Mode"},"sceneLighting":false,"audioPlay":false,"sceneViewState":{"m_AlwaysRefresh":true,"showFog":true,"showSkybox":false,"showFlares":true,"showImageEffects":true,"showParticleSystems":true,"showVisualEffectGraphs":true,"m_FxEnabled":true},"in2DMode":false,"pivot":{"x":0.02522154152393341,"y":-0.004052668809890747,"z":-0.1022166758775711},"rotation":{"x":0.3577841520309448,"y":-0.10612116008996964,"z":0.040964990854263309,"w":0.9268506169319153},"size":0.3690096437931061,"orthographic":true}