{"cameraMode":{"drawMode":0,"name":"Shaded","section":"Shading Mode"},"sceneLighting":false,"audioPlay":false,"sceneViewState":{"m_AlwaysRefresh":true,"showFog":true,"showSkybox":false,"showFlares":true,"showImageEffects":true,"showParticleSystems":true,"showVisualEffectGraphs":true,"m_FxEnabled":true},"in2DMode":false,"pivot":{"x":0.014905810356140137,"y":0.9714899063110352,"z":0.007678866386413574},"rotation":{"x":-0.019194183871150018,"y":0.17604412138462068,"z":0.003433272009715438,"w":0.984190046787262},"size":1.0425517559051514,"orthographic":false}