{"cameraMode":{"drawMode":0,"name":"Shaded","section":"Shading Mode"},"sceneLighting":false,"audioPlay":false,"sceneViewState":{"m_AlwaysRefresh":true,"showFog":true,"showSkybox":false,"showFlares":true,"showImageEffects":true,"showParticleSystems":true,"showVisualEffectGraphs":true,"m_FxEnabled":true},"in2DMode":false,"pivot":{"x":0.009133847430348397,"y":-0.3943202495574951,"z":-1.8753747940063477},"rotation":{"x":0.15271373093128205,"y":0.3831249475479126,"z":-0.06438648700714112,"w":0.9087081551551819},"size":0.8660253882408142,"orthographic":true}