{"cameraMode":{"drawMode":0,"name":"Shaded","section":"Shading Mode"},"sceneLighting":false,"audioPlay":false,"sceneViewState":{"m_AlwaysRefresh":true,"showFog":true,"showSkybox":false,"showFlares":true,"showImageEffects":true,"showParticleSystems":true,"showVisualEffectGraphs":true,"m_FxEnabled":true},"in2DMode":false,"pivot":{"x":0.4400920569896698,"y":0.24404704570770265,"z":0.32329535484313967},"rotation":{"x":0.3577841520309448,"y":-0.10612116008996964,"z":0.040964990854263309,"w":0.9268506169319153},"size":1.7558149099349976,"orthographic":true}